Workbook

Sheet label_features
A1: stl_path | B1: n_vertices | C1: mean_edge | D1: footprint_xy | E1: height_range | F1: curvature_energy | G1: curvature_mean | H1: label
A2: Y:\Máster\TFM\Imágenes STL\Walter\PRE\132465641_lprofile_occlusion_l,stl | B2: 110927 | C2: 0.23228125 | D2: 2681.5731 | E2: 18.409324 | F2: 69884.882 | G2: 0.63000786 | H2: 1
A3: Y:\Máster\TFM\Imágenes STL\3DTeethSeg\Imágenes\lower\O52P1SZT\O52P1SZT_lower,stl | B3: 93288 | C3: 0.22751741 | D3: 4351.4191 | E3: 32.367717 | F3: 68458.223 | G3: 0.7338374 | H3: 1
A4: Y:\Máster\TFM\Imágenes STL\3DTeethSeg\Imágenes\lower\ODC3F7X8\ODC3F7X8_lower,stl | B4: 114131 | C4: 0.21943964 | D4: 3696.6569 | E4: 24.266792 | F4: 79452.093 | G4: 0.69614822 | H4: 0
A5: Y:\Máster\TFM\Imágenes STL\3DTeethSeg\Imágenes\lower\OEIWQQMQ\OEIWQQMQ_lower,stl | B5: 76322 | C5: 0.22750034 | D5: 4260.7765 | E5: 30.508821 | F5: 57441.737 | G5: 0.75262358 | H5: 1
A6: Y:\Máster\TFM\Imágenes STL\3DTeethSeg\Imágenes\lower\OEPN5LUR\OEPN5LUR_lower,stl | B6: 116322 | C6: 0.21791058 | D6: 4646.9801 | E6: 24.892012 | F6: 73961.249 | G6: 0.63583199 | H6: 1
A7: Y:\Máster\TFM\Imágenes STL\3DTeethSeg\Imágenes\lower\OGQI7QQX\OGQI7QQX_lower,stl | B7: 107152 | C7: 0.2093151 | D7: 4953.0282 | E7: 30.505868 | F7: 75857.904 | G7: 0.70794669 | H7: 1
A8: Y:\Máster\TFM\Imágenes STL\3DTeethSeg\Imágenes\lower\OJKNS9DO\OJKNS9DO_lower,stl | B8: 99925 | C8: 0.21458102 | D8: 3509.1979 | E8: 19.972585 | F8: 65927.57 | G8: 0.65977053 | H8: 1
A9: Y:\Máster\TFM\Imágenes STL\3DTeethSeg\Imágenes\lower\OO75RHX3\OO75RHX3_lower,stl | B9: 114234 | C9: 0.20620943 | D9: 4626.3935 | E9: 28.008883 | F9: 79558.169 | G9: 0.69644912 | H9: 1
A10: Y:\Máster\TFM\Imágenes STL\3DTeethSeg\Imágenes\lower\OQMRF1N4\OQMRF1N4_lower,stl | B10: 15230 | C10: 0.58287753 | D10: 3624.4104 | E10: 30.531376 | F10: 12204.757 | G10: 0.80136289 | H10: 0
A11: Y:\Máster\TFM\Imágenes STL\3DTeethSeg\Imágenes\lower\OR84V09H\OR84V09H_lower,stl | B11: 98888 | C11: 0.21424284 | D11: 5228.0052 | E11: 30.834937 | F11: 70412.973 | G11: 0.7120477 | H11: 0
A12: Y:\Máster\TFM\Imágenes STL\3DTeethSeg\Imágenes\lower\ORDHT9TX\ORDHT9TX_lower,stl | B12: 94897 | C12: 0.20333876 | D12: 4338.0741 | E12: 30.775312 | F12: 69604.892 | G12: 0.73347832 | H12: 1
A13: Y:\Máster\TFM\Imágenes STL\3DTeethSeg\Imágenes\lower\OS06596E\OS06596E_lower,stl | B13: 97756 | C13: 0.22554005 | D13: 3818.5688 | E13: 17.785997 | F13: 66056.57 | G13: 0.67572906 | H13: 0
... A102: Y:\Máster\TFM\Imágenes STL\3DTeethSeg\Imágenes\lower\WKDWFB4W\WKDWFB4W_lower,stl | B102: 131407 | C102: 0.21505377 | D102: 6537.6447 | E102: 41.634881 | F102: 86083.281 | G102: 0.655089 | H102: 1

Sheet Coeficiente de Spearman
B2: =_xlfn.RANK.AVG(label_features!B2,label_features!B$2:B$102,1) -> 62 | C2: =_xlfn.RANK.AVG(label_features!C2,label_features!C$2:C$102,1) -> 94 | D2: =_xlfn.RANK.AVG(label_features!D2,label_features!D$2:D$102,1) -> 2 | E2: =_xlfn.RANK.AVG(label_features!E2,label_features!E$2:E$102,1) -> 7 | F2: =_xlfn.RANK.AVG(label_features!F2,label_features!F$2:F$102,1) -> 45 | G2: =_xlfn.RANK.AVG(label_features!G2,label_features!G$2:G$102,1) -> 5 | H2: =_xlfn.RANK.AVG(label_features!H2,label_features!H$2:H$102,1) -> 69
B3: =_xlfn.RANK.AVG(label_features!B3,label_features!B$2:B$102,1) -> 31 | C3: =_xlfn.RANK.AVG(label_features!C3,label_features!C$2:C$102,1) -> 91 | D3: =_xlfn.RANK.AVG(label_features!D3,label_features!D$2:D$102,1) -> 50 | E3: =_xlfn.RANK.AVG(label_features!E3,label_features!E$2:E$102,1) -> 73 | F3: =_xlfn.RANK.AVG(label_features!F3,label_features!F$2:F$102,1) -> 40 | G3: =_xlfn.RANK.AVG(label_features!G3,label_features!G$2:G$102,1) -> 76 | H3: =_xlfn.RANK.AVG(label_features!H3,label_features!H$2:H$102,1) -> 69
B4: =_xlfn.RANK.AVG(label_features!B4,label_features!B$2:B$102,1) -> 69 | C4: =_xlfn.RANK.AVG(label_features!C4,label_features!C$2:C$102,1) -> 64 | D4: =_xlfn.RANK.AVG(label_features!D4,label_features!D$2:D$102,1) -> 26 | E4: =_xlfn.RANK.AVG(label_features!E4,label_features!E$2:E$102,1) -> 42 | F4: =_xlfn.RANK.AVG(label_features!F4,label_features!F$2:F$102,1) -> 73 | G4: =_xlfn.RANK.AVG(label_features!G4,label_features!G$2:G$102,1) -> 49 | H4: =_xlfn.RANK.AVG(label_features!H4,label_features!H$2:H$102,1) -> 18.5
B5: =_xlfn.RANK.AVG(label_features!B5,label_features!B$2:B$102,1) -> 6 | C5: =_xlfn.RANK.AVG(label_features!C5,label_features!C$2:C$102,1) -> 90 | D5: =_xlfn.RANK.AVG(label_features!D5,label_features!D$2:D$102,1) -> 45 | E5: =_xlfn.RANK.AVG(label_features!E5,label_features!E$2:E$102,1) -> 60 | F5: =_xlfn.RANK.AVG(label_features!F5,label_features!F$2:F$102,1) -> 10 | G5: =_xlfn.RANK.AVG(label_features!G5,label_features!G$2:G$102,1) -> 83 | H5: =_xlfn.RANK.AVG(label_features!H5,label_features!H$2:H$102,1) -> 69
B6: =_xlfn.RANK.AVG(label_features!B6,label_features!B$2:B$102,1) -> 77 | C6: =_xlfn.RANK.AVG(label_features!C6,label_features!C$2:C$102,1) -> 55 | D6: =_xlfn.RANK.AVG(label_features!D6,label_features!D$2:D$102,1) -> 64 | E6: =_xlfn.RANK.AVG(label_features!E6,label_features!E$2:E$102,1) -> 43 | F6: =_xlfn.RANK.AVG(label_features!F6,label_features!F$2:F$102,1) -> 57 | G6: =_xlfn.RANK.AVG(label_features!G6,label_features!G$2:G$102,1) -> 10 | H6: =_xlfn.RANK.AVG(label_features!H6,label_features!H$2:H$102,1) -> 69 | M6: n_vertices | N6: mean_edge | O6: footprint_xy | P6: height_range | Q6: curvature_energy | R6: curvature_mean | S6: label
B7: =_xlfn.RANK.AVG(label_features!B7,label_features!B$2:B$102,1) -> 61 | C7: =_xlfn.RANK.AVG(label_features!C7,label_features!C$2:C$102,1) -> 24 | D7: =_xlfn.RANK.AVG(label_features!D7,label_features!D$2:D$102,1) -> 78 | E7: =_xlfn.RANK.AVG(label_features!E7,label_features!E$2:E$102,1) -> 59 | F7: =_xlfn.RANK.AVG(label_features!F7,label_features!F$2:F$102,1) -> 65 | G7: =_xlfn.RANK.AVG(label_features!G7,label_features!G$2:G$102,1) -> 58 | H7: =_xlfn.RANK.AVG(label_features!H7,label_features!H$2:H$102,1) -> 69 | L7: n_vertices | M7: =CORREL($B2:$B102,B2:B102) -> 1 | N7: =CORREL($B2:$B102,C2:C102) -> -0.61191422 | O7: =CORREL($B2:$B102,D2:D102) -> 0.3007094 | P7: =CORREL($B2:$B102,E2:E102) -> 0.032522977 | Q7: =CORREL($B2:$B102,F2:F102) -> 0.92732419 | R7: =CORREL($B2:$B102,G2:G102) -> -0.2726828 | S7: =CORREL($B2:$B102,H2:H102) -> -0.024817512
B8: =_xlfn.RANK.AVG(label_features!B8,label_features!B$2:B$102,1) -> 47 | C8: =_xlfn.RANK.AVG(label_features!C8,label_features!C$2:C$102,1) -> 47 | D8: =_xlfn.RANK.AVG(label_features!D8,label_features!D$2:D$102,1) -> 17 | E8: =_xlfn.RANK.AVG(label_features!E8,label_features!E$2:E$102,1) -> 14 | F8: =_xlfn.RANK.AVG(label_features!F8,label_features!F$2:F$102,1) -> 34 | G8: =_xlfn.RANK.AVG(label_features!G8,label_features!G$2:G$102,1) -> 21 | H8: =_xlfn.RANK.AVG(label_features!H8,label_features!H$2:H$102,1) -> 69 | L8: mean_edge | M8: =CORREL($C3:$C103,B3:B103) -> -0.6247518 | N8: =CORREL($C3:$C103,C3:C103) -> 1 | O8: =CORREL($C3:$C103,D3:D103) -> -0.036868811 | P8: =CORREL($C3:$C103,E3:E103) -> 0.090520867 | Q8: =CORREL($C3:$C103,F3:F103) -> -0.58553822 | R8: =CORREL($C3:$C103,G3:G103) -> 0.16926297 | S8: =CORREL($C3:$C103,H3:H103) -> -0.021193348
B9: =_xlfn.RANK.AVG(label_features!B9,label_features!B$2:B$102,1) -> 70 | C9: =_xlfn.RANK.AVG(label_features!C9,label_features!C$2:C$102,1) -> 14 | D9: =_xlfn.RANK.AVG(label_features!D9,label_features!D$2:D$102,1) -> 60 | E9: =_xlfn.RANK.AVG(label_features!E9,label_features!E$2:E$102,1) -> 49 | F9: =_xlfn.RANK.AVG(label_features!F9,label_features!F$2:F$102,1) -> 75 | G9: =_xlfn.RANK.AVG(label_features!G9,label_features!G$2:G$102,1) -> 50 | H9: =_xlfn.RANK.AVG(label_features!H9,label_features!H$2:H$102,1) -> 69 | L9: footprint_xy | M9: =CORREL($D4:$D104,B4:B104) -> 0.31208207 | N9: =CORREL($D4:$D104,C4:C104) -> -0.036502925 | O9: =CORREL($D4:$D104,D4:D104) -> 1 | P9: =CORREL($D4:$D104,E4:E104) -> 0.74608242 | Q9: =CORREL($D4:$D104,F4:F104) -> 0.38095812 | R9: =CORREL($D4:$D104,G4:G104) -> 0.069293294 | S9: =CORREL($D4:$D104,H4:H104) -> 0.12310475
B10: =_xlfn.RANK.AVG(label_features!B10,label_features!B$2:B$102,1) -> 1 | C10: =_xlfn.RANK.AVG(label_features!C10,label_features!C$2:C$102,1) -> 101 | D10: =_xlfn.RANK.AVG(label_features!D10,label_features!D$2:D$102,1) -> 22 | E10: =_xlfn.RANK.AVG(label_features!E10,label_features!E$2:E$102,1) -> 61 | F10: =_xlfn.RANK.AVG(label_features!F10,label_features!F$2:F$102,1) -> 1 | G10: =_xlfn.RANK.AVG(label_features!G10,label_features!G$2:G$102,1) -> 96 | H10: =_xlfn.RANK.AVG(label_features!H10,label_features!H$2:H$102,1) -> 18.5 | L10: height_range | M10: =CORREL($E5:$E105,B5:B105) -> 0.046110223 | N10: =CORREL($E5:$E105,C5:C105) -> 0.082752161 | O10: =CORREL($E5:$E105,D5:D105) -> 0.74656345 | P10: =CORREL($E5:$E105,E5:E105) -> 1 | Q10: =CORREL($E5:$E105,F5:F105) -> 0.18312986 | R10: =CORREL($E5:$E105,G5:G105) -> 0.27407757 | S10: =CORREL($E5:$E105,H5:H105) -> 0.012466995
B11: =_xlfn.RANK.AVG(label_features!B11,label_features!B$2:B$102,1) -> 45 | C11: =_xlfn.RANK.AVG(label_features!C11,label_features!C$2:C$102,1) -> 43 | D11: =_xlfn.RANK.AVG(label_features!D11,label_features!D$2:D$102,1) -> 85 | E11: =_xlfn.RANK.AVG(label_features!E11,label_features!E$2:E$102,1) -> 65 | F11: =_xlfn.RANK.AVG(label_features!F11,label_features!F$2:F$102,1) -> 47 | G11: =_xlfn.RANK.AVG(label_features!G11,label_features!G$2:G$102,1) -> 59 | H11: =_xlfn.RANK.AVG(label_features!H11,label_features!H$2:H$102,1) -> 18.5 | L11: curvature_energy | M11: =CORREL($F6:$F106,B6:B106) -> 0.92746573 | N11: =CORREL($F6:$F106,C6:C106) -> -0.58420233 | O11: =CORREL($F6:$F106,D6:D106) -> 0.39092463 | P11: =CORREL($F6:$F106,E6:E106) -> 0.18937095 | Q11: =CORREL($F6:$F106,F6:F106) -> 1 | R11: =CORREL($F6:$F106,G6:G106) -> 0.062474445 | S11: =CORREL($F6:$F106,H6:H106) -> -0.028540521
B12: =_xlfn.RANK.AVG(label_features!B12,label_features!B$2:B$102,1) -> 33 | C12: =_xlfn.RANK.AVG(label_features!C12,label_features!C$2:C$102,1) -> 9 | D12: =_xlfn.RANK.AVG(label_features!D12,label_features!D$2:D$102,1) -> 48 | E12: =_xlfn.RANK.AVG(label_features!E12,label_features!E$2:E$102,1) -> 64 | F12: =_xlfn.RANK.AVG(label_features!F12,label_features!F$2:F$102,1) -> 42 | G12: =_xlfn.RANK.AVG(label_features!G12,label_features!G$2:G$102,1) -> 75 | H12: =_xlfn.RANK.AVG(label_features!H12,label_features!H$2:H$102,1) -> 69 | L12: curvature_mean | M12: =CORREL($G7:$G107,B7:B107) -> -0.24422104 | N12: =CORREL($G7:$G107,C7:C107) -> 0.1511755 | O12: =CORREL($G7:$G107,D7:D107) -> 0.078954087 | P12: =CORREL($G7:$G107,E7:E107) -> 0.27133562 | Q12: =CORREL($G7:$G107,F7:F107) -> 0.065980309 | R12: =CORREL($G7:$G107,G7:G107) -> 1 | S12: =CORREL($G7:$G107,H7:H107) -> -0.072048037
B13: =_xlfn.RANK.AVG(label_features!B13,label_features!B$2:B$102,1) -> 39 | C13: =_xlfn.RANK.AVG(label_features!C13,label_features!C$2:C$102,1) -> 83 | D13: =_xlfn.RANK.AVG(label_features!D13,label_features!D$2:D$102,1) -> 32 | E13: =_xlfn.RANK.AVG(label_features!E13,label_features!E$2:E$102,1) -> 4 | F13: =_xlfn.RANK.AVG(label_features!F13,label_features!F$2:F$102,1) -> 36 | G13: =_xlfn.RANK.AVG(label_features!G13,label_features!G$2:G$102,1) -> 35 | H13: =_xlfn.RANK.AVG(label_features!H13,label_features!H$2:H$102,1) -> 18.5 | L13: label | M13: =CORREL($H2:$H102,B2:B102) -> -0.024817512 | N13: =CORREL($H2:$H102,C2:C102) -> -0.0099270048 | O13: =CORREL($H2:$H102,D2:D102) -> 0.10777891 | P13: =CORREL($H2:$H102,E2:E102) -> 0.010636077 | Q13: =CORREL($H2:$H102,F2:F102) -> -0.052471311 | R13: =CORREL($H2:$H102,G2:G102) -> -0.075161608 | S13: =CORREL($H2:$H102,H2:H102) -> 1
B14: =_xlfn.RANK.AVG(label_features!B14,label_features!B$2:B$102,1) -> 39 | C14: =_xlfn.RANK.AVG(label_features!C14,label_features!C$2:C$102,1) -> 83 | D14: =_xlfn.RANK.AVG(label_features!D14,label_features!D$2:D$102,1) -> 32 | E14: =_xlfn.RANK.AVG(label_features!E14,label_features!E$2:E$102,1) -> 4 | F14: =_xlfn.RANK.AVG(label_features!F14,label_features!F$2:F$102,1) -> 36 | G14: =_xlfn.RANK.AVG(label_features!G14,label_features!G$2:G$102,1) -> 35 | H14: =_xlfn.RANK.AVG(label_features!H14,label_features!H$2:H$102,1) -> 18.5
B15: =_xlfn.RANK.AVG(label_features!B15,label_features!B$2:B$102,1) -> 57 | C15: =_xlfn.RANK.AVG(label_features!C15,label_features!C$2:C$102,1) -> 35 | D15: =_xlfn.RANK.AVG(label_features!D15,label_features!D$2:D$102,1) -> 20 | E15: =_xlfn.RANK.AVG(label_features!E15,label_features!E$2:E$102,1) -> 46 | F15: =_xlfn.RANK.AVG(label_features!F15,label_features!F$2:F$102,1) -> 43 | G15: =_xlfn.RANK.AVG(label_features!G15,label_features!G$2:G$102,1) -> 29 | H15: =_xlfn.RANK.AVG(label_features!H15,label_features!H$2:H$102,1) -> 18.5
B16: =_xlfn.RANK.AVG(label_features!B16,label_features!B$2:B$102,1) -> 17 | C16: =_xlfn.RANK.AVG(label_features!C16,label_features!C$2:C$102,1) -> 93 | D16: =_xlfn.RANK.AVG(label_features!D16,label_features!D$2:D$102,1) -> 77 | E16: =_xlfn.RANK.AVG(label_features!E16,label_features!E$2:E$102,1) -> 69 | F16: =_xlfn.RANK.AVG(label_features!F16,label_features!F$2:F$102,1) -> 23 | G16: =_xlfn.RANK.AVG(label_features!G16,label_features!G$2:G$102,1) -> 78 | H16: =_xlfn.RANK.AVG(label_features!H16,label_features!H$2:H$102,1) -> 69
B17: =_xlfn.RANK.AVG(label_features!B17,label_features!B$2:B$102,1) -> 80 | C17: =_xlfn.RANK.AVG(label_features!C17,label_features!C$2:C$102,1) -> 15 | D17: =_xlfn.RANK.AVG(label_features!D17,label_features!D$2:D$102,1) -> 71 | E17: =_xlfn.RANK.AVG(label_features!E17,label_features!E$2:E$102,1) -> 67 | F17: =_xlfn.RANK.AVG(label_features!F17,label_features!F$2:F$102,1) -> 82 | G17: =_xlfn.RANK.AVG(label_features!G17,label_features!G$2:G$102,1) -> 57 | H17: =_xlfn.RANK.AVG(label_features!H17,label_features!H$2:H$102,1) -> 18.5
B18: =_xlfn.RANK.AVG(label_features!B18,label_features!B$2:B$102,1) -> 94.5 | C18: =_xlfn.RANK.AVG(label_features!C18,label_features!C$2:C$102,1) -> 48.5 | D18: =_xlfn.RANK.AVG(label_features!D18,label_features!D$2:D$102,1) -> 100.5 | E18: =_xlfn.RANK.AVG(label_features!E18,label_features!E$2:E$102,1) -> 99.5 | F18: =_xlfn.RANK.AVG(label_features!F18,label_features!F$2:F$102,1) -> 91.5 | G18: =_xlfn.RANK.AVG(label_features!G18,label_features!G$2:G$102,1) -> 17.5 | H18: =_xlfn.RANK.AVG(label_features!H18,label_features!H$2:H$102,1) -> 69
B19: =_xlfn.RANK.AVG(label_features!B19,label_features!B$2:B$102,1) -> 64 | C19: =_xlfn.RANK.AVG(label_features!C19,label_features!C$2:C$102,1) -> 81 | D19: =_xlfn.RANK.AVG(label_features!D19,label_features!D$2:D$102,1) -> 90 | E19: =_xlfn.RANK.AVG(label_features!E19,label_features!E$2:E$102,1) -> 92 | F19: =_xlfn.RANK.AVG(label_features!F19,label_features!F$2:F$102,1) -> 76 | G19: =_xlfn.RANK.AVG(label_features!G19,label_features!G$2:G$102,1) -> 67 | H19: =_xlfn.RANK.AVG(label_features!H19,label_features!H$2:H$102,1) -> 69
B20: =_xlfn.RANK.AVG(label_features!B20,label_features!B$2:B$102,1) -> 5 | C20: =_xlfn.RANK.AVG(label_features!C20,label_features!C$2:C$102,1) -> 97 | D20: =_xlfn.RANK.AVG(label_features!D20,label_features!D$2:D$102,1) -> 63 | E20: =_xlfn.RANK.AVG(label_features!E20,label_features!E$2:E$102,1) -> 95 | F20: =_xlfn.RANK.AVG(label_features!F20,label_features!F$2:F$102,1) -> 12 | G20: =_xlfn.RANK.AVG(label_features!G20,label_features!G$2:G$102,1) -> 94 | H20: =_xlfn.RANK.AVG(label_features!H20,label_features!H$2:H$102,1) -> 18.5
B21: =_xlfn.RANK.AVG(label_features!B21,label_features!B$2:B$102,1) -> 93 | C21: =_xlfn.RANK.AVG(label_features!C21,label_features!C$2:C$102,1) -> 42 | D21: =_xlfn.RANK.AVG(label_features!D21,label_features!D$2:D$102,1) -> 55 | E21: =_xlfn.RANK.AVG(label_features!E21,label_features!E$2:E$102,1) -> 37 | F21: =_xlfn.RANK.AVG(label_features!F21,label_features!F$2:F$102,1) -> 61 | G21: =_xlfn.RANK.AVG(label_features!G21,label_features!G$2:G$102,1) -> 1 | H21: =_xlfn.RANK.AVG(label_features!H21,label_features!H$2:H$102,1) -> 69
B22: =_xlfn.RANK.AVG(label_features!B22,label_features!B$2:B$102,1) -> 41.5 | C22: =_xlfn.RANK.AVG(label_features!C22,label_features!C$2:C$102,1) -> 57.5 | D22: =_xlfn.RANK.AVG(label_features!D22,label_features!D$2:D$102,1) -> 14.5 | E22: =_xlfn.RANK.AVG(label_features!E22,label_features!E$2:E$102,1) -> 39.5 | F22: =_xlfn.RANK.AVG(label_features!F22,label_features!F$2:F$102,1) -> 24.5 | G22: =_xlfn.RANK.AVG(label_features!G22,label_features!G$2:G$102,1) -> 8.5 | H22: =_xlfn.RANK.AVG(label_features!H22,label_features!H$2:H$102,1) -> 18.5
B23: =_xlfn.RANK.AVG(label_features!B23,label_features!B$2:B$102,1) -> 41.5 | C23: =_xlfn.RANK.AVG(label_features!C23,label_features!C$2:C$102,1) -> 57.5 | D23: =_xlfn.RANK.AVG(label_features!D23,label_features!D$2:D$102,1) -> 14.5 | E23: =_xlfn.RANK.AVG(label_features!E23,label_features!E$2:E$102,1) -> 39.5 | F23: =_xlfn.RANK.AVG(label_features!F23,label_features!F$2:F$102,1) -> 24.5 | G23: =_xlfn.RANK.AVG(label_features!G23,label_features!G$2:G$102,1) -> 8.5 | H23: =_xlfn.RANK.AVG(label_features!H23,label_features!H$2:H$102,1) -> 18.5
B24: =_xlfn.RANK.AVG(label_features!B24,label_features!B$2:B$102,1) -> 98 | C24: =_xlfn.RANK.AVG(label_features!C24,label_features!C$2:C$102,1) -> 5 | D24: =_xlfn.RANK.AVG(label_features!D24,label_features!D$2:D$102,1) -> 40 | E24: =_xlfn.RANK.AVG(label_features!E24,label_features!E$2:E$102,1) -> 21 | F24: =_xlfn.RANK.AVG(label_features!F24,label_features!F$2:F$102,1) -> 98 | G24: =_xlfn.RANK.AVG(label_features!G24,label_features!G$2:G$102,1) -> 2 | H24: =_xlfn.RANK.AVG(label_features!H24,label_features!H$2:H$102,1) -> 69
B25: =_xlfn.RANK.AVG(label_features!B25,label_features!B$2:B$102,1) -> 29 | C25: =_xlfn.RANK.AVG(label_features!C25,label_features!C$2:C$102,1) -> 80 | D25: =_xlfn.RANK.AVG(label_features!D25,label_features!D$2:D$102,1) -> 67 | E25: =_xlfn.RANK.AVG(label_features!E25,label_features!E$2:E$102,1) -> 71 | F25: =_xlfn.RANK.AVG(label_features!F25,label_features!F$2:F$102,1) -> 53 | G25: =_xlfn.RANK.AVG(label_features!G25,label_features!G$2:G$102,1) -> 90 | H25: =_xlfn.RANK.AVG(label_features!H25,label_features!H$2:H$102,1) -> 18.5
... B102: =_xlfn.RANK.AVG(label_features!B102,label_features!B$2:B$102,1) -> 94.5 | C102: =_xlfn.RANK.AVG(label_features!C102,label_features!C$2:C$102,1) -> 48.5 | D102: =_xlfn.RANK.AVG(label_features!D102,label_features!D$2:D$102,1) -> 100.5 | E102: =_xlfn.RANK.AVG(label_features!E102,label_features!E$2:E$102,1) -> 99.5 | F102: =_xlfn.RANK.AVG(label_features!F102,label_features!F$2:F$102,1) -> 91.5 | G102: =_xlfn.RANK.AVG(label_features!G102,label_features!G$2:G$102,1) -> 17.5 | H102: =_xlfn.RANK.AVG(label_features!H102,label_features!H$2:H$102,1) -> 69

Sheet Estadísticas
B2: mean_edge | C2: footprint_xy | D2: height_range | E2: curvature_energy | F2: curvature_mean
A3: Media | B3: =AVERAGE(label_features__2[mean_edge]) -> 0.22192794 | C3: =AVERAGE(label_features__2[footprint_xy]) -> 4377.6063 | D3: =AVERAGE(label_features__2[height_range]) -> 27.894209 | E3: =AVERAGE(label_features__2[curvature_energy]) -> 75132.357 | F3: =AVERAGE(label_features__2[curvature_mean]) -> 0.71297353
A4: Mediana | B4: =MEDIAN(label_features__2[mean_edge]) -> 0.21540796 | C4: =MEDIAN(label_features__2[footprint_xy]) -> 4361.3215 | D4: =MEDIAN(label_features__2[height_range]) -> 28.166946 | E4: =MEDIAN(label_features__2[curvature_energy]) -> 71352.97 | F4: =MEDIAN(label_features__2[curvature_mean]) -> 0.69723128
A5: Moda | B5: =MODE(label_features__2[mean_edge]) -> 0.22554005 | C5: =MODE(label_features__2[footprint_xy]) -> 3818.5688 | D5: =MODE(label_features__2[height_range]) -> 17.785997 | E5: =MODE(label_features__2[curvature_energy]) -> 66056.57 | F5: =MODE(label_features__2[curvature_mean]) -> 0.67572906
A6: Desviación | B6: =_xlfn.STDEV.P(label_features__2[mean_edge]) -> 0.052899239 | C6: =_xlfn.STDEV.P(label_features__2[footprint_xy]) -> 880.09462 | D6: =_xlfn.STDEV.P(label_features__2[height_range]) -> 6.971131 | E6: =_xlfn.STDEV.P(label_features__2[curvature_energy]) -> 33313.546 | F6: =_xlfn.STDEV.P(label_features__2[curvature_mean]) -> 0.10068282
A7: Varianza | B7: =_xlfn.VAR.P(label_features__2[mean_edge]) -> 0.0027983295 | C7: =_xlfn.VAR.P(label_features__2[footprint_xy]) -> 774566.53 | D7: =_xlfn.VAR.P(label_features__2[height_range]) -> 48.596667 | E7: =_xlfn.VAR.P(label_features__2[curvature_energy]) -> 1.1097923e+09 | F7: =_xlfn.VAR.P(label_features__2[curvature_mean]) -> 0.01013703
